lawyerId,lawyerName,lawyerMail,firmId,firmName,firmMail,twilioNumber
2,Yashu,studybuddies110@gmail.com,1,ABC Law Firm,projectautomach@gmail.com,+17579608924
3,Priya,priyaromala@gmail.com,1,ABC Law Firm,projectautomach@gmail.com,+17579608924
4,Raju,projectautomach@gmail.com,1,ABC Law Firm,projectautomach@gmail.com,+17579608924
5,Yasaswini,yasaswiniromala949@gmail.com,2,New York Law Firms,yasaswiniromala949@gmail.com,+17575688750
6,Smith,smith@gmail.com,2,New York Law Firms,yasaswiniromala949@gmail.com,+17575688750
7,Bob,bob@gmail.com,2,New York Law Firms,yasaswiniromala949@gmail.com,+17575688750
8,Sol,sol@gmail.com,2,New York Law Firms,yasaswiniromala949@gmail.com,+17575688750

